{
    "MAE": 0.41935601998260413,
    "RMSE": 0.5351796572669277,
    "R2": 0.4271999078424884
}