{
    "MAE": 0.4698058153028406,
    "RMSE": 0.5917816303458673,
    "R2": 0.2887822643444603
}